"Mã","Yêu cầu"
"FR-SESSION-01","Thí sinh chỉ được tham gia kỳ thi đang mở, bằng mã còn hạn và với chính sách hiệu lực đã được xác định."
"FR-SESSION-02","Tiện ích mở rộng kiểm tra phiên bản, sự đồng ý và quyền camera/microphone/chia sẻ màn hình theo chính sách trước khi giám sát."
"FR-CV-01","Ứng dụng máy tính để bàn xử lý webcam thành đủ bảy SignalResult theo giao diện chung."
"FR-CV-02","Bước đăng ký thu thập nhiều khung hình, yêu cầu kiểm tra sự hiện diện sống cơ bản nếu được cấu hình và tạo véc-tơ tham chiếu."
"FR-CV-03","Mỗi tín hiệu phải ổn định dữ liệu theo thời gian trước khi thay đổi trạng thái."
"FR-CV-04","Bộ tổng hợp rủi ro tính risk_score từ cấu hình, áp dụng vùng trễ cấp phiên và chỉ sinh sự kiện tại cạnh chuyển vào cảnh báo."
"FR-BROWSER-01","Tiện ích mở rộng ghi nhận trạng thái tập trung/chuyển thẻ, toàn màn hình, bảng tạm, camera, microphone, chia sẻ màn hình và trạng thái giám sát."
"FR-BROWSER-02","Máy chủ tự xác định mức nghiêm trọng và điểm toàn vẹn từ sự kiện trình duyệt theo chính sách, không tin điểm do máy khách tự khai báo."
"FR-SESSION-03","Hệ thống hỗ trợ heartbeat, trạng thái pending/active/disconnected/ended và lý do mất kết nối."
