"Chỉ số","Cách đo đề xuất","Điều kiện cần ghi","Kết quả"
"Thời gian phản hồi join/policy","Đo từ request đến response; báo median và p95 qua tối thiểu 30 lần","Backend mode, network, DB và số phiên","Chưa đo"
"Độ trễ event → dashboard","Hiệu timestamp server nhận event và thời điểm dashboard render; báo median/p95","Loại event, WSS, Redis có/không, số dashboard","Chưa đo"
"Thời gian reconnect WebSocket","Từ lúc ngắt kết nối đến khi nhận update hợp lệ đầu tiên","Kiểu mất mạng và backoff client","Chưa đo"
"Thời gian sinh báo cáo","Từ ReportJob.pending đến completed; tách HTML/PDF nếu có thể","Số event/snapshot và cấu hình worker","Chưa đo"
"CPU/RAM desktop CV","Ghi trung bình/đỉnh trong phiên tối thiểu 10 phút","CPU, RAM, camera resolution, model/checkpoint","Chưa đo"
"FPS webcam thực","Đo cả capture, inference và render thay vì benchmark frame tổng hợp","Thiết bị, độ phân giải và policy/model interval","Chưa đo"
"CPU/RAM backend và worker","Ghi idle, khi N phiên và khi tạo report","N, tốc độ telemetry, PostgreSQL/Redis","Chưa đo"
"Dung lượng evidence mỗi phiên","Tổng JSONL, snapshot và report chia cho thời lượng phiên","Thời lượng, số violation, policy snapshot","Chưa đo"
"Khả năng chịu tải đồng thời","Tăng N phiên có kiểm soát; theo dõi error rate, p95 và socket disconnect","Máy chủ, worker, DB pool, Redis","Chưa đo"
